﻿
<list>
<m label="本地歌曲" bold="1" opened="1">
<m src="proxy:xiami,1772159168" label="李荣浩-李白"/>
<m src="proxy:xiami,1773985965" label="银临-牵丝戏"/>
<m src="proxy:xiami,1774093519" label="洛天依、言和-普通DISCO"/>
<m src="proxy:xiami,1775256504" label="戴荃-悟空"/>
<m src="proxy:xiami,1768993651" label="Owl City-Hello Seattle"/>
<m src="proxy:xiami,1768993653" label="Owl City-The Saltwater Room"/>
<m src="proxy:xiami,1771089592" label="Owl City-Good Time"/>
<m src="proxy:xiami,1770506605" label="Carly Rae Jepsen-all Me Maybe"/>
<m src="proxy:xiami,1774025101" label="Carly Rae Jepsen-I Really Like You"/>
<m src="proxy:xiami,1772301837" label="洛天依-忆红莲"/>
<m src="proxy:xiami,1775024738" label="洛天依-桃花笑"/>
<m src="proxy:xiami,1773992791" label="洛天依、言和-阴阳先生"/>

</m>
<m list_src="lists/dy_11538.xml" label="9" />
</list>
